"","Temperature","393b","method"
"1",45,8.35452494799596e-05,"Inner"
"2",45.1,-1.18530199062875e-05,"Inner"
"3",45.2,-4.06209504779434e-05,"Inner"
"4",45.3,-2.8614836678495e-05,"Inner"
"5",45.4,-5.27665204802666e-06,"Inner"
"6",45.5,1.1959661056521e-05,"Inner"
"7",45.6,2.20588933782416e-05,"Inner"
"8",45.7,2.51661194524212e-05,"Inner"
"9",45.8,2.1431147693873e-05,"Inner"
"10",45.9,1.18441668558641e-05,"Inner"
"11",46,-8.04070062375871e-07,"Inner"
"12",46.1,-1.34903156779298e-05,"Inner"
"13",46.2,-2.3306318178313e-05,"Inner"
"14",46.3,-2.80026970731195e-05,"Inner"
"15",46.4,-2.55643142783729e-05,"Inner"
"16",46.5,-1.39763135980549e-05,"Inner"
"17",46.6,7.99779869467318e-06,"Inner"
"18",46.7,3.30083289412216e-05,"Inner"
"19",46.8,4.83779960916855e-05,"Inner"
"20",46.9,4.15593440983261e-05,"Inner"
"21",47,1.13399199271793e-05,"Inner"
"22",47.1,-2.66011027273394e-05,"Inner"
"23",47.2,-5.52079184592039e-05,"Inner"
"24",47.3,-5.74653108383811e-05,"Inner"
"25",47.4,-2.73994102313089e-05,"Inner"
"26",47.5,1.50088856629206e-05,"Inner"
"27",47.6,4.60526900462132e-05,"Inner"
"28",47.7,4.61705796690309e-05,"Inner"
"29",47.8,2.20952571318933e-05,"Inner"
"30",47.9,-9.16356060369506e-06,"Inner"
"31",48,-3.05724679495137e-05,"Inner"
"32",48.1,-2.67475557425272e-05,"Inner"
"33",48.2,-2.80865183703567e-06,"Inner"
"34",48.3,2.22368502807754e-05,"Inner"
"35",48.4,2.93026436409563e-05,"Inner"
"36",48.5,1.19429795880435e-05,"Inner"
"37",48.6,-1.57169139641383e-05,"Inner"
"38",48.7,-3.76627908926336e-05,"Inner"
"39",48.8,-3.78905047318951e-05,"Inner"
"40",48.9,-9.55160504165714e-06,"Inner"
"41",49,2.81656489969958e-05,"Inner"
"42",49.1,5.14757732790394e-05,"Inner"
"43",49.2,4.02488077098402e-05,"Inner"
"44",49.3,3.00550759314085e-06,"Inner"
"45",49.4,-3.82235150597966e-05,"Inner"
"46",49.5,-6.13282103534548e-05,"Inner"
"47",49.6,-4.61827152098738e-05,"Inner"
"48",49.7,-6.44892130844007e-07,"Inner"
"49",49.8,4.6725768036805e-05,"Inner"
"50",49.9,6.70692676272311e-05,"Inner"
"51",50,4.82513721790086e-05,"Inner"
"52",50.1,7.91832256158815e-06,"Inner"
"53",50.2,-3.32114148172372e-05,"Inner"
"54",50.3,-5.44291001858968e-05,"Inner"
"55",50.4,-4.38183646003438e-05,"Inner"
"56",50.5,-1.44574816144802e-05,"Inner"
"57",50.6,1.6163693649461e-05,"Inner"
"58",50.7,3.21624479682891e-05,"Inner"
"59",50.8,3.17122042600218e-05,"Inner"
"60",50.9,2.0252746756062e-05,"Inner"
"61",51,3.28478148625587e-06,"Inner"
"62",51.1,-1.3737035412098e-05,"Inner"
"63",51.2,-2.60991197990343e-05,"Inner"
"64",51.3,-2.96862053846067e-05,"Inner"
"65",51.4,-2.04316019701598e-05,"Inner"
"66",51.5,1.86291455270905e-06,"Inner"
"67",51.6,2.9850767489319e-05,"Inner"
"68",51.7,5.53140951503792e-05,"Inner"
"69",51.8,7.00342583721763e-05,"Inner"
"70",51.9,5.80034765707641e-05,"Inner"
"71",52,-2.37225415949278e-05,"Inner"
"72",52.1,-0.000223906792721955,"Inner"
"73",52.2,-0.00054963160653343,"Inner"
"74",52.3,-0.000600137719583983,"Inner"
"75",52.4,0.000256095651623484,"Inner"
"76",52.5,0.0026532118087597,"Inner"
"77",52.6,0.00719776066365073,"Inner"
"78",52.7,0.0139863504202398,"Inner"
"79",52.8,0.02266659364879,"Inner"
"80",52.9,0.0328703005392048,"Inner"
"81",53,0.0441484328357406,"Inner"
"82",53.1,0.0558791529498558,"Inner"
"83",53.2,0.0674183743997303,"Inner"
"84",53.3,0.0781220515621514,"Inner"
"85",53.4,0.087748854584494,"Inner"
"86",53.5,0.0974489771044848,"Inner"
"87",53.6,0.108672951674526,"Inner"
"88",53.7,0.122709670290836,"Inner"
"89",53.8,0.139266504519484,"Inner"
"90",53.9,0.15715603580964,"Inner"
"91",54,0.175180678545553,"Inner"
"92",54.1,0.192193368012928,"Inner"
"93",54.2,0.207980125996666,"Inner"
"94",54.3,0.223148237446388,"Inner"
"95",54.4,0.238333029238097,"Inner"
"96",54.5,0.254161693599019,"Inner"
"97",54.6,0.270824439281778,"Inner"
"98",54.7,0.287862002729508,"Inner"
"99",54.8,0.304762385972352,"Inner"
"100",54.9,0.321305595614777,"Inner"
"101",55,0.338385500135737,"Inner"
"102",55.1,0.357161516544599,"Inner"
"103",55.2,0.378793061850731,"Inner"
"104",55.3,0.404019573676697,"Inner"
"105",55.4,0.430921248636625,"Inner"
"106",55.5,0.45654058282694,"Inner"
"107",55.6,0.47804281626028,"Inner"
"108",55.7,0.495269465704467,"Inner"
"109",55.8,0.510631041347196,"Inner"
"110",55.9,0.526641698207193,"Inner"
"111",56,0.5457902977537,"Inner"
"112",56.1,0.569208405971582,"Inner"
"113",56.2,0.596011124196002,"Inner"
"114",56.3,0.625149915942502,"Inner"
"115",56.4,0.655618924657432,"Inner"
"116",56.5,0.686592180500607,"Inner"
"117",56.6,0.717291098789157,"Inner"
"118",56.7,0.746937095078525,"Inner"
"119",56.8,0.775126132188814,"Inner"
"120",56.9,0.80408542423514,"Inner"
"121",57,0.837170007220783,"Inner"
"122",57.1,0.877596865032021,"Inner"
"123",57.2,0.925023646820626,"Inner"
"124",57.3,0.975382665414168,"Inner"
"125",57.4,1.02443065480447,"Inner"
"126",57.5,1.0679599801172,"Inner"
"127",57.6,1.10419674297225,"Inner"
"128",57.7,1.13532007696956,"Inner"
"129",57.8,1.16387119998289,"Inner"
"130",57.9,1.19218352354097,"Inner"
"131",58,1.22162241651469,"Inner"
"132",58.1,1.25327158356788,"Inner"
"133",58.2,1.28821469767507,"Inner"
"134",58.3,1.32741446590982,"Inner"
"135",58.4,1.37088793237791,"Inner"
"136",58.5,1.41820720286932,"Inner"
"137",58.6,1.4689413789588,"Inner"
"138",58.7,1.52264739634207,"Inner"
"139",58.8,1.57886830671679,"Inner"
"140",58.9,1.63714640454546,"Inner"
"141",59,1.69702409519974,"Inner"
"142",59.1,1.75805369614471,"Inner"
"143",59.2,1.81980512923523,"Inner"
"144",59.3,1.88185012667546,"Inner"
"145",59.4,1.94398779653951,"Inner"
"146",59.5,2.00707597164762,"Inner"
"147",59.6,2.07228039611152,"Inner"
"148",59.7,2.14076684839233,"Inner"
"149",59.8,2.213492745824,"Inner"
"150",59.9,2.28978677160879,"Inner"
"151",60,2.36821134313791,"Inner"
"152",60.1,2.44736465862807,"Inner"
"153",60.2,2.52727002457733,"Inner"
"154",60.3,2.60972518844825,"Inner"
"155",60.4,2.69663906272703,"Inner"
"156",60.5,2.78990838871636,"Inner"
"157",60.6,2.88994844285413,"Inner"
"158",60.7,2.99429255728014,"Inner"
"159",60.8,3.10014228756194,"Inner"
"160",60.9,3.20516973506379,"Inner"
"161",61,3.30946945208977,"Inner"
"162",61.1,3.41391333656332,"Inner"
"163",61.2,3.51937364613025,"Inner"
"164",61.3,3.62670101727686,"Inner"
"165",61.4,3.73653509684913,"Inner"
"166",61.5,3.84939640545485,"Inner"
"167",61.6,3.9657901883133,"Inner"
"168",61.7,4.08562156864648,"Inner"
"169",61.8,4.20798040704531,"Inner"
"170",61.9,4.33189833519637,"Inner"
"171",62,4.45640885209339,"Inner"
"172",62.1,4.58086939606457,"Inner"
"173",62.2,4.70532767180785,"Inner"
"174",62.3,4.82991994589404,"Inner"
"175",62.4,4.95487310868065,"Inner"
"176",62.5,5.08093018205092,"Inner"
"177",62.6,5.20901664685715,"Inner"
"178",62.7,5.34005819394219,"Inner"
"179",62.8,5.4749070581809,"Inner"
"180",62.9,5.61369881655753,"Inner"
"181",63,5.75616448745893,"Inner"
"182",63.1,5.90203052511682,"Inner"
"183",63.2,6.05095591585669,"Inner"
"184",63.3,6.2011601156011,"Inner"
"185",63.4,6.34948277068084,"Inner"
"186",63.5,6.49271323308243,"Inner"
"187",63.6,6.62903216951572,"Inner"
"188",63.7,6.75987715469737,"Inner"
"189",63.8,6.88715112504602,"Inner"
"190",63.9,7.01275701702282,"Inner"
"191",64,7.13860807346383,"Inner"
"192",64.1,7.26665679623455,"Inner"
"193",64.2,7.3988650335762,"Inner"
"194",64.3,7.53682666551092,"Inner"
"195",64.4,7.67810249781144,"Inner"
"196",64.5,7.81776295879491,"Inner"
"197",64.6,7.95084170841208,"Inner"
"198",64.7,8.07258475010804,"Inner"
"199",64.8,8.18276678139517,"Inner"
"200",64.9,8.28550222865608,"Inner"
"201",65,8.38507395053714,"Inner"
"202",65.1,8.48414269944304,"Inner"
"203",65.2,8.58157302052375,"Inner"
"204",65.3,8.67568719347668,"Inner"
"205",65.4,8.76480749799926,"Inner"
"206",65.5,8.84728759279121,"Inner"
"207",65.6,8.92161319934378,"Inner"
"208",65.7,8.98630477601567,"Inner"
"209",65.8,9.04001792867903,"Inner"
"210",65.9,9.08307990932224,"Inner"
"211",66,9.11694620382614,"Inner"
"212",66.1,9.14309346910589,"Inner"
"213",66.2,9.16296329514865,"Inner"
"214",66.3,9.1771229481144,"Inner"
"215",66.4,9.18522596717213,"Inner"
"216",66.5,9.1868841414508,"Inner"
"217",66.6,9.182248541934,"Inner"
"218",66.7,9.17285757562139,"Inner"
"219",66.8,9.16046967887532,"Inner"
"220",66.9,9.1468432880581,"Inner"
"221",67,9.1327875088479,"Inner"
"222",67.1,9.11511479526933,"Inner"
"223",67.2,9.08958601798923,"Inner"
"224",67.3,9.05183104666788,"Inner"
"225",67.4,8.99564079914767,"Inner"
"226",67.5,8.91345006968579,"Inner"
"227",67.6,8.79766203883476,"Inner"
"228",67.7,8.64096618592047,"Inner"
"229",67.8,8.44450046223843,"Inner"
"230",67.9,8.21903807508525,"Inner"
"231",68,7.97587606153112,"Inner"
"232",68.1,7.72532803810824,"Inner"
"233",68.2,7.47491962545726,"Inner"
"234",68.3,7.23168577875679,"Inner"
"235",68.4,7.00266145318532,"Inner"
"236",68.5,6.79344717500794,"Inner"
"237",68.6,6.60296607439976,"Inner"
"238",68.7,6.42819976792158,"Inner"
"239",68.8,6.26625267126148,"Inner"
"240",68.9,6.11620045421738,"Inner"
"241",69,5.97870595431151,"Inner"
"242",69.1,5.85447707371156,"Inner"
"243",69.2,5.74418326694042,"Inner"
"244",69.3,5.64713352040208,"Inner"
"245",69.4,5.56094345563683,"Inner"
"246",69.5,5.48312289370472,"Inner"
"247",69.6,5.41169143300166,"Inner"
"248",69.7,5.34626203177427,"Inner"
"249",69.8,5.28675809922968,"Inner"
"250",69.9,5.233103044575,"Inner"
"251",70,5.18517259339784,"Inner"
"252",70.1,5.14259685291656,"Inner"
"253",70.2,5.10492707133511,"Inner"
"254",70.3,5.07170314631111,"Inner"
"255",70.4,5.04228350928648,"Inner"
"256",70.5,5.01588039604187,"Inner"
"257",70.6,4.99170188608344,"Inner"
"258",70.7,4.96895877366709,"Inner"
"259",70.8,4.94697903396957,"Inner"
"260",70.9,4.92524996623397,"Inner"
"261",71,4.90327028428826,"Inner"
"262",71.1,4.88074167078307,"Inner"
"263",71.2,4.85806637845716,"Inner"
"264",71.3,4.83579770199678,"Inner"
"265",71.4,4.81448893608816,"Inner"
"266",71.5,4.79454310323425,"Inner"
"267",71.6,4.77541257940697,"Inner"
"268",71.7,4.75617908038995,"Inner"
"269",71.8,4.73594720125487,"Inner"
"270",71.9,4.71432885822218,"Inner"
"271",72,4.69142289844419,"Inner"
"272",72.1,4.6673478100756,"Inner"
"273",72.2,4.64222381706046,"Inner"
"274",72.3,4.61626446266865,"Inner"
"275",72.4,4.58982203045377,"Inner"
"276",72.5,4.56326007421435,"Inner"
"277",72.6,4.53694126969714,"Inner"
"278",72.7,4.51099221914392,"Inner"
"279",72.8,4.48498588459442,"Inner"
"280",72.9,4.45841595745618,"Inner"
"281",73,4.4309006373826,"Inner"
"282",73.1,4.40284660637769,"Inner"
"283",73.2,4.37496827316005,"Inner"
"284",73.3,4.34798074949944,"Inner"
"285",73.4,4.32251927792386,"Inner"
"286",73.5,4.29834052639086,"Inner"
"287",73.6,4.27465717154409,"Inner"
"288",73.7,4.250675167907,"Inner"
"289",73.8,4.2256945126288,"Inner"
"290",73.9,4.19916815237592,"Inner"
"291",74,4.17056306770474,"Inner"
"292",74.1,4.13934761559264,"Inner"
"293",74.2,4.10561821251885,"Inner"
"294",74.3,4.07109150866573,"Inner"
"295",74.4,4.03774190100095,"Inner"
"296",74.5,4.00722862380565,"Inner"
"297",74.6,3.97874353541491,"Inner"
"298",74.7,3.95031614808401,"Inner"
"299",74.8,3.91996916658099,"Inner"
"300",74.9,3.88578624980224,"Inner"
"301",75,3.84765770347287,"Inner"
"302",75.1,3.80753880296255,"Inner"
"303",75.2,3.76749731810439,"Inner"
"304",75.3,3.72922629942426,"Inner"
"305",75.4,3.6933532802469,"Inner"
"306",75.5,3.66031767710715,"Inner"
"307",75.6,3.6305589065398,"Inner"
"308",75.7,3.60411143882229,"Inner"
"309",75.8,3.57911696947934,"Inner"
"310",75.9,3.55316462850591,"Inner"
"311",76,3.52399536677018,"Inner"
"312",76.1,3.49179497340068,"Inner"
"313",76.2,3.45872340791875,"Inner"
"314",76.3,3.42699703201198,"Inner"
"315",76.4,3.39874892951038,"Inner"
"316",76.5,3.37313614129948,"Inner"
"317",76.6,3.34559448644329,"Inner"
"318",76.7,3.31132579283324,"Inner"
"319",76.8,3.26707087745309,"Inner"
"320",76.9,3.21439914883285,"Inner"
"321",77,3.15582451269919,"Inner"
"322",77.1,3.09386087477875,"Inner"
"323",77.2,3.03056908204554,"Inner"
"324",77.3,2.9656696880515,"Inner"
"325",77.4,2.89812980824605,"Inner"
"326",77.5,2.82700533069632,"Inner"
"327",77.6,2.7527873636657,"Inner"
"328",77.7,2.67712618316337,"Inner"
"329",77.8,2.6017051979681,"Inner"
"330",77.9,2.52817836017623,"Inner"
"331",78,2.45691890197579,"Inner"
"332",78.1,2.38655336503157,"Inner"
"333",78.2,2.3155828615287,"Inner"
"334",78.3,2.24295866399339,"Inner"
"335",78.4,2.16919158343831,"Inner"
"336",78.5,2.09512992557987,"Inner"
"337",78.6,2.02162199613451,"Inner"
"338",78.7,1.94939380804639,"Inner"
"339",78.8,1.87847063962535,"Inner"
"340",78.9,1.80862862544882,"Inner"
"341",79,1.7396200452026,"Inner"
"342",79.1,1.67076000508846,"Inner"
"343",79.2,1.60097768450777,"Inner"
"344",79.3,1.52918900727035,"Inner"
"345",79.4,1.45434403734775,"Inner"
"346",79.5,1.37724210665779,"Inner"
"347",79.6,1.30143991786549,"Inner"
"348",79.7,1.23071906652974,"Inner"
"349",79.8,1.16770477763524,"Inner"
"350",79.9,1.11059352239569,"Inner"
"351",80,1.05652169108917,"Inner"
"352",80.1,1.0026256739938,"Inner"
"353",80.2,0.946559357846558,"Inner"
"354",80.3,0.889259348306007,"Inner"
"355",80.4,0.832945406431032,"Inner"
"356",80.5,0.779761004559401,"Inner"
"357",80.6,0.730149636918552,"Inner"
"358",80.7,0.682920327712644,"Inner"
"359",80.8,0.636815961158607,"Inner"
"360",80.9,0.590590205059912,"Inner"
"361",81,0.543580721710769,"Inner"
"362",81.1,0.495995875728376,"Inner"
"363",81.2,0.448115040023499,"Inner"
"364",81.3,0.400217779696442,"Inner"
"365",81.4,0.352674070871341,"Inner"
"366",81.5,0.306088274458809,"Inner"
"367",81.6,0.26110223650461,"Inner"
"368",81.7,0.218283658991204,"Inner"
"369",81.8,0.177675406634737,"Inner"
"370",81.9,0.139093867410469,"Inner"
"371",82,0.102354535796295,"Inner"
"372",82.1,0.067421671239389,"Inner"
"373",82.2,0.0361191588796738,"Inner"
"374",82.3,0.01153552472793,"Inner"
"375",82.4,-0.00325300425502197,"Inner"
"376",82.5,-0.00770296647191585,"Inner"
"377",82.6,-0.00540787343914941,"Inner"
"378",82.7,-0.000342986612154078,"Inner"
"379",82.8,0.00351958123664117,"Inner"
"380",82.9,0.00369329945827657,"Inner"
"381",83,0.00154472341965667,"Inner"
"382",83.1,-0.000943053740900719,"Inner"
"383",83.2,-0.00200389734694624,"Inner"
"384",83.3,-0.00158094554966064,"Inner"
"385",83.4,-0.000426895239443923,"Inner"
"386",83.5,0.000700708537692562,"Inner"
"387",83.6,0.00109198916101038,"Inner"
"388",83.7,0.000714091658805388,"Inner"
"389",83.8,3.7399539497094e-05,"Inner"
"390",83.9,-0.000458216989058165,"Inner"
"391",84,-0.00051852469610027,"Inner"
"392",84.1,-0.000293117017800446,"Inner"
"393",84.2,2.64805848338132e-05,"Inner"
"394",84.3,0.000248769340931399,"Inner"
"395",84.4,0.00024794516211261,"Inner"
"396",84.5,0.000105256019731868,"Inner"
"397",84.6,-5.7360723571395e-05,"Inner"
"398",84.7,-0.000129748354108703,"Inner"
"399",84.8,-0.000105526120060175,"Inner"
"400",84.9,-3.22773556080407e-05,"Inner"
"401",85,4.19525440776026e-05,"Inner"
"402",85.1,7.16134625459571e-05,"Inner"
"403",85.2,5.17211430681026e-05,"Inner"
"404",85.3,1.02575799989468e-05,"Inner"
"405",85.4,-2.39352933437171e-05,"Inner"
"406",85.5,-3.39612829947629e-05,"Inner"
"407",85.6,-2.63787842858832e-05,"Inner"
"408",85.7,-1.04767922406839e-05,"Inner"
"409",85.8,4.45668582414776e-06,"Inner"
"410",85.9,1.16250815186709e-05,"Inner"
"411",86,1.21004213353907e-05,"Inner"
"412",86.1,8.50433969125391e-06,"Inner"
"413",86.2,3.36350555202084e-06,"Inner"
"414",86.3,-1.63307679020379e-06,"Inner"
"415",86.4,-5.23246785003052e-06,"Inner"
"416",86.5,-6.18547637473956e-06,"Inner"
"417",86.6,-3.36629009480345e-06,"Inner"
"418",86.7,2.04353668456893e-06,"Inner"
"419",86.8,6.81613817075492e-06,"Inner"
"420",86.9,7.6636554998456e-06,"Inner"
"421",87,3.28597890750134e-06,"Inner"
"422",87.1,-3.3346711242824e-06,"Inner"
"423",87.2,-8.65958246395734e-06,"Inner"
"424",87.3,-9.15018865752228e-06,"Inner"
"425",87.4,-2.9972117027823e-06,"Inner"
"426",87.5,5.57836023378347e-06,"Inner"
"427",87.6,1.10418949029122e-05,"Inner"
"428",87.7,8.51469567563047e-06,"Inner"
"429",87.8,-3.91829509575766e-07,"Inner"
"430",87.9,-1.03618378131029e-05,"Inner"
"431",88,-1.60362124753201e-05,"Inner"
"432",88.1,-1.23938819827822e-05,"Inner"
"433",88.2,-7.54543042064159e-07,"Inner"
"434",88.3,1.19285986361922e-05,"Inner"
"435",88.4,1.85065682180992e-05,"Inner"
"436",88.5,1.43314807409829e-05,"Inner"
"437",88.6,3.49090569742744e-06,"Inner"
"438",88.7,-8.02159657045802e-06,"Inner"
"439",88.8,-1.42124657205606e-05,"Inner"
"440",88.9,-1.05576210496008e-05,"Inner"
"441",89,-1.01716924570696e-06,"Inner"
"442",89.1,7.41058577628612e-06,"Inner"
"443",89.2,8.02864608943007e-06,"Inner"
"444",89.3,7.87720513842378e-07,"Inner"
"445",89.4,-7.91371143859795e-06,"Inner"
"446",89.5,-1.14119969363347e-05,"Inner"
"447",89.6,-3.2079399364418e-06,"Inner"
"448",89.7,1.41076725672142e-05,"Inner"
"449",89.8,2.42842969697918e-05,"Inner"
"450",89.9,9.94518436043198e-06,"Inner"
"451",90,-4.56810741999225e-05,"Inner"
"452",45,-0.000117347803982116,"Outer"
"453",45.1,0.000200775046425633,"Outer"
"454",45.2,-1.04848621779044e-05,"Outer"
"455",45.3,-0.000340549481736539,"Outer"
"456",45.4,-0.000348615660141188,"Outer"
"457",45.5,6.70883925209437e-05,"Outer"
"458",45.6,0.000545337265672123,"Outer"
"459",45.7,0.000691581749375487,"Outer"
"460",45.8,0.000114373597093464,"Outer"
"461",45.9,-0.00102723797440573,"Outer"
"462",46,-0.00139473059249185,"Outer"
"463",46.1,0.000502715310671125,"Outer"
"464",46.2,0.00589882103128412,"Outer"
"465",46.3,0.0145542539253005,"Outer"
"466",46.4,0.0257059801520989,"Outer"
"467",46.5,0.0385903356475887,"Outer"
"468",46.6,0.0524145782981188,"Outer"
"469",46.7,0.0660652033733675,"Outer"
"470",46.8,0.0782296782397686,"Outer"
"471",46.9,0.0876184697023185,"Outer"
"472",47,0.0943471633914255,"Outer"
"473",47.1,0.100625278452917,"Outer"
"474",47.2,0.108832985167984,"Outer"
"475",47.3,0.121345328515534,"Outer"
"476",47.4,0.139143126629817,"Outer"
"477",47.5,0.159929804585235,"Outer"
"478",47.6,0.180938294669347,"Outer"
"479",47.7,0.199786842091221,"Outer"
"480",47.8,0.216537680851773,"Outer"
"481",47.9,0.232208273813887,"Outer"
"482",48,0.24781828565306,"Outer"
"483",48.1,0.264319500462857,"Outer"
"484",48.2,0.281819926273223,"Outer"
"485",48.3,0.299856065761087,"Outer"
"486",48.4,0.317958651486398,"Outer"
"487",48.5,0.336005355221717,"Outer"
"488",48.6,0.354438450257678,"Outer"
"489",48.7,0.373752056842444,"Outer"
"490",48.8,0.39443986565183,"Outer"
"491",48.9,0.416606144859238,"Outer"
"492",49,0.43924773393059,"Outer"
"493",49.1,0.461165936915486,"Outer"
"494",49.2,0.48135341773719,"Outer"
"495",49.3,0.500302651909182,"Outer"
"496",49.4,0.519213330781978,"Outer"
"497",49.5,0.53928930413138,"Outer"
"498",49.6,0.561583866032378,"Outer"
"499",49.7,0.585026967445937,"Outer"
"500",49.8,0.606977765627576,"Outer"
"501",49.9,0.624776844445792,"Outer"
"502",50,0.637414837294259,"Outer"
"503",50.1,0.646820315798753,"Outer"
"504",50.2,0.655224936366818,"Outer"
"505",50.3,0.664859411598668,"Outer"
"506",50.4,0.677101301588385,"Outer"
"507",50.5,0.690902854497097,"Outer"
"508",50.6,0.70478824829362,"Outer"
"509",50.7,0.717407308840405,"Outer"
"510",50.8,0.728508784192051,"Outer"
"511",50.9,0.738409513493284,"Outer"
"512",51,0.747431098813411,"Outer"
"513",51.1,0.755899325764421,"Outer"
"514",51.2,0.764207304900063,"Outer"
"515",51.3,0.772802502780727,"Outer"
"516",51.4,0.782131356523862,"Outer"
"517",51.5,0.792323095900403,"Outer"
"518",51.6,0.802888290419868,"Outer"
"519",51.7,0.81326606577018,"Outer"
"520",51.8,0.822895576218005,"Outer"
"521",51.9,0.8315022926655,"Outer"
"522",52,0.839801829949284,"Outer"
"523",52.1,0.848723689395117,"Outer"
"524",52.2,0.859106738206071,"Outer"
"525",52.3,0.87090299681028,"Outer"
"526",52.4,0.883562697409121,"Outer"
"527",52.5,0.896530369568868,"Outer"
"528",52.6,0.909279424942566,"Outer"
"529",52.7,0.921817032751217,"Outer"
"530",52.8,0.934620327338801,"Outer"
"531",52.9,0.948180697108041,"Outer"
"532",53,0.962672438738341,"Outer"
"533",53.1,0.977592121121158,"Outer"
"534",53.2,0.99234905185486,"Outer"
"535",53.3,1.00635257725049,"Outer"
"536",53.4,1.01939360842875,"Outer"
"537",53.5,1.03258149605136,"Outer"
"538",53.6,1.04731015564977,"Outer"
"539",53.7,1.0648163191304,"Outer"
"540",53.8,1.08479880538933,"Outer"
"541",53.9,1.10608631534248,"Outer"
"542",54,1.12749766317837,"Outer"
"543",54.1,1.14790170682719,"Outer"
"544",54.2,1.1670915779043,"Outer"
"545",54.3,1.1856739145246,"Outer"
"546",54.4,1.20428313187901,"Outer"
"547",54.5,1.22354543753335,"Outer"
"548",54.6,1.24364613537831,"Outer"
"549",54.7,1.26411523054671,"Outer"
"550",54.8,1.28442952068446,"Outer"
"551",54.9,1.30436285079488,"Outer"
"552",55,1.32482216363178,"Outer"
"553",55.1,1.34698453637884,"Outer"
"554",55.2,1.37202704621976,"Outer"
"555",55.3,1.4007021215581,"Outer"
"556",55.4,1.43107338395152,"Outer"
"557",55.5,1.46015521713111,"Outer"
"558",55.6,1.48508580408686,"Outer"
"559",55.7,1.50570274268781,"Outer"
"560",55.8,1.52443483481367,"Outer"
"561",55.9,1.54381542325105,"Outer"
"562",56,1.56635236846913,"Outer"
"563",56.1,1.59318610583935,"Outer"
"564",56.2,1.62342555703377,"Outer"
"565",56.3,1.65601478466164,"Outer"
"566",56.4,1.68993975797947,"Outer"
"567",56.5,1.72436307373366,"Outer"
"568",56.6,1.75849385529411,"Outer"
"569",56.7,1.79154122626474,"Outer"
"570",56.8,1.82309313707647,"Outer"
"571",56.9,1.85539885402939,"Outer"
"572",57,1.89184835176044,"Outer"
"573",57.1,1.93569232754161,"Outer"
"574",57.2,1.98659027936576,"Outer"
"575",57.3,2.04044301824623,"Outer"
"576",57.4,2.09297420451081,"Outer"
"577",57.5,2.13994346285367,"Outer"
"578",57.6,2.17956691546277,"Outer"
"579",57.7,2.21405068639136,"Outer"
"580",57.8,2.24596637028221,"Outer"
"581",57.9,2.27767181557319,"Outer"
"582",58,2.31052915787033,"Outer"
"583",58.1,2.34561081758692,"Outer"
"584",58.2,2.3839891825411,"Outer"
"585",58.3,2.42661680622476,"Outer"
"586",58.4,2.47350942535946,"Outer"
"587",58.5,2.52424200052329,"Outer"
"588",58.6,2.57838651307836,"Outer"
"589",58.7,2.63550280060511,"Outer"
"590",58.8,2.69513684190402,"Outer"
"591",58.9,2.75683385991579,"Outer"
"592",59,2.82013913624369,"Outer"
"593",59.1,2.88460319523674,"Outer"
"594",59.2,2.94978587263129,"Outer"
"595",59.3,3.01524796170115,"Outer"
"596",59.4,3.08078140821168,"Outer"
"597",59.5,3.14725446766586,"Outer"
"598",59.6,3.21584842114064,"Outer"
"599",59.7,3.28774458463286,"Outer"
"600",59.8,3.36391256232021,"Outer"
"601",59.9,3.44366703228807,"Outer"
"602",60,3.52554408435515,"Outer"
"603",60.1,3.60811612836736,"Outer"
"604",60.2,3.69140231810772,"Outer"
"605",60.3,3.77722318746536,"Outer"
"606",60.4,3.86751212303407,"Outer"
"607",60.5,3.96419020544344,"Outer"
"608",60.6,4.06768064507925,"Outer"
"609",60.7,4.17549279408407,"Outer"
"610",60.8,4.28480055401575,"Outer"
"611",60.9,4.3932537240112,"Outer"
"612",61,4.5009521060463,"Outer"
"613",61.1,4.60878168890583,"Outer"
"614",61.2,4.71762882518829,"Outer"
"615",61.3,4.82835701182672,"Outer"
"616",61.4,4.94160670921313,"Outer"
"617",61.5,5.05789244973624,"Outer"
"618",61.6,5.17771346442538,"Outer"
"619",61.7,5.30097105109786,"Outer"
"620",61.8,5.42675421839334,"Outer"
"621",61.9,5.55409395842154,"Outer"
"622",62,5.68202313418515,"Outer"
"623",62.1,5.80989917008389,"Outer"
"624",62.2,5.93777108240973,"Outer"
"625",62.3,6.06577661939336,"Outer"
"626",62.4,6.19414381088888,"Outer"
"627",62.5,6.32361486954618,"Outer"
"628",62.6,6.45511377808381,"Outer"
"629",62.7,6.58956472841797,"Outer"
"630",62.8,6.72781886554542,"Outer"
"631",62.9,6.87001466736908,"Outer"
"632",63,7.01588830602835,"Outer"
"633",63.1,7.16517141492352,"Outer"
"634",63.2,7.31752783135804,"Outer"
"635",63.3,7.47117485978538,"Outer"
"636",63.4,7.62294328312601,"Outer"
"637",63.5,7.76961332767735,"Outer"
"638",63.6,7.90935860651596,"Outer"
"639",63.7,8.04361449117016,"Outer"
"640",63.8,8.17428240792361,"Outer"
"641",63.9,8.30326378312241,"Outer"
"642",64,8.43247516721385,"Outer"
"643",64.1,8.56389072135116,"Outer"
"644",64.2,8.69949832203693,"Outer"
"645",64.3,8.84091456276954,"Outer"
"646",64.4,8.98568663146903,"Outer"
"647",64.5,9.12884890441763,"Outer"
"648",64.6,9.26539865830902,"Outer"
"649",64.7,9.39054737305278,"Outer"
"650",64.8,9.50407488529641,"Outer"
"651",64.9,9.61013876825578,"Outer"
"652",65,9.71306648824349,"Outer"
"653",65.1,9.81554539130312,"Outer"
"654",65.2,9.91642445808379,"Outer"
"655",65.3,10.0140043817445,"Outer"
"656",65.4,10.1065858554443,"Outer"
"657",65.5,10.1925053481287,"Outer"
"658",65.6,10.2702498959985,"Outer"
"659",65.7,10.3383461394056,"Outer"
"660",65.8,10.3954558501665,"Outer"
"661",65.9,10.4419122474244,"Outer"
"662",66,10.4791766500474,"Outer"
"663",66.1,10.50873154542,"Outer"
"664",66.2,10.5320240277242,"Outer"
"665",66.3,10.5496187323047,"Outer"
"666",66.4,10.561158065885,"Outer"
"667",66.5,10.5662422946942,"Outer"
"668",66.6,10.5650150885232,"Outer"
"669",66.7,10.5590180565268,"Outer"
"670",66.8,10.5500145188969,"Outer"
"671",66.9,10.5397677958255,"Outer"
"672",67,10.5290938279909,"Outer"
"673",67.1,10.5148201187827,"Outer"
"674",67.2,10.4927247495645,"Outer"
"675",67.3,10.4584527408815,"Outer"
"676",67.4,10.4057812452194,"Outer"
"677",67.5,10.3271099673763,"Outer"
"678",67.6,10.2148065013419,"Outer"
"679",67.7,10.0615258622068,"Outer"
"680",67.8,9.86840465610568,"Outer"
"681",67.9,9.64625251659209,"Outer"
"682",68,9.40640495413311,"Outer"
"683",68.1,9.1592045981512,"Outer"
"684",68.2,8.91217926165393,"Outer"
"685",68.3,8.67236137198453,"Outer"
"686",68.4,8.44678335648616,"Outer"
"687",68.5,8.24104034920184,"Outer"
"688",68.6,8.05403675410592,"Outer"
"689",68.7,7.88273158458292,"Outer"
"690",68.8,7.72420812038474,"Outer"
"691",68.9,7.57754441412312,"Outer"
"692",69,7.44342462240454,"Outer"
"693",69.1,7.32257850414079,"Outer"
"694",69.2,7.21569683915932,"Outer"
"695",69.3,7.12209113420604,"Outer"
"696",69.4,7.03935612476171,"Outer"
"697",69.5,6.96497928351873,"Outer"
"698",69.6,6.89696515415537,"Outer"
"699",69.7,6.83493443723033,"Outer"
"700",69.8,6.7788227260465,"Outer"
"701",69.9,6.72856561390673,"Outer"
"702",70,6.68404836968018,"Outer"
"703",70.1,6.64489704103026,"Outer"
"704",70.2,6.61065444923608,"Outer"
"705",70.3,6.58085247565055,"Outer"
"706",70.4,6.55484815409007,"Outer"
"707",70.5,6.53185765495392,"Outer"
"708",70.6,6.51109314396008,"Outer"
"709",70.7,6.49176940748227,"Outer"
"710",70.8,6.47321435128947,"Outer"
"711",70.9,6.45490968299754,"Outer"
"712",71,6.43634813014292,"Outer"
"713",71.1,6.41722770159692,"Outer"
"714",71.2,6.39795495821914,"Outer"
"715",71.3,6.37908922370332,"Outer"
"716",71.4,6.36118982174323,"Outer"
"717",71.5,6.34466452480917,"Outer"
"718",71.6,6.32896236742236,"Outer"
"719",71.7,6.31315856904532,"Outer"
"720",71.8,6.29635141775696,"Outer"
"721",71.9,6.27815072517201,"Outer"
"722",72,6.25865726732211,"Outer"
"723",72.1,6.23799162393725,"Outer"
"724",72.2,6.21627610579076,"Outer"
"725",72.3,6.19372608782725,"Outer"
"726",72.4,6.17069530593017,"Outer"
"727",72.5,6.14754873541271,"Outer"
"728",72.6,6.12465046728326,"Outer"
"729",72.7,6.10212683786584,"Outer"
"730",72.8,6.07954660057595,"Outer"
"731",72.9,6.05639867367721,"Outer"
"732",73,6.0322973446669,"Outer"
"733",73.1,6.00765083583275,"Outer"
"734",73.2,5.98317722414024,"Outer"
"735",73.3,5.9595952944677,"Outer"
"736",73.4,5.93754380833019,"Outer"
"737",73.5,5.91678125731073,"Outer"
"738",73.6,5.89652109195314,"Outer"
"739",73.7,5.87596997882107,"Outer"
"740",73.8,5.85442545687974,"Outer"
"741",73.9,5.8313328586066,"Outer"
"742",74,5.80615107727954,"Outer"
"743",74.1,5.7783403969656,"Outer"
"744",74.2,5.74799571740868,"Outer"
"745",74.3,5.71684908531894,"Outer"
"746",74.4,5.68689298475384,"Outer"
"747",74.5,5.65980210562352,"Outer"
"748",74.6,5.63476316045857,"Outer"
"749",74.7,5.60979081066447,"Outer"
"750",74.8,5.58289285332012,"Outer"
"751",74.9,5.55213840555158,"Outer"
"752",75,5.51741407694528,"Outer"
"753",75.1,5.48068384312313,"Outer"
"754",75.2,5.44402485148262,"Outer"
"755",75.3,5.40913908083953,"Outer"
"756",75.4,5.37666171529309,"Outer"
"757",75.5,5.34703959660757,"Outer"
"758",75.6,5.32071956654722,"Outer"
"759",75.7,5.29773825971052,"Outer"
"760",75.8,5.27621494573044,"Outer"
"761",75.9,5.25370914998809,"Outer"
"762",76,5.22793439551367,"Outer"
"763",76.1,5.1990840957429,"Outer"
"764",76.2,5.16935413858818,"Outer"
"765",76.3,5.14099762277751,"Outer"
"766",76.4,5.11618331089327,"Outer"
"767",76.5,5.09406610326793,"Outer"
"768",76.6,5.07003238943605,"Outer"
"769",76.7,5.03923159408612,"Outer"
"770",76.8,4.99837137729792,"Outer"
"771",76.9,4.94904837612657,"Outer"
"772",77,4.89381553652253,"Outer"
"773",77.1,4.83522580443624,"Outer"
"774",77.2,4.77536898235885,"Outer"
"775",77.3,4.71394248639694,"Outer"
"776",77.4,4.64987352365625,"Outer"
"777",77.5,4.58218020372086,"Outer"
"778",77.6,4.51135028053401,"Outer"
"779",77.7,4.43905847875146,"Outer"
"780",77.8,4.36701345049746,"Outer"
"781",77.9,4.29689393540701,"Outer"
"782",78,4.22907813560467,"Outer"
"783",78.1,4.16217053475413,"Outer"
"784",78.2,4.09464824614522,"Outer"
"785",78.3,4.02544526383319,"Outer"
"786",78.4,3.9550784026424,"Outer"
"787",78.5,3.88440701054487,"Outer"
"788",78.6,3.81429043551261,"Outer"
"789",78.7,3.74546439059874,"Outer"
"790",78.8,3.67795616375425,"Outer"
"791",78.9,3.61154116487897,"Outer"
"792",79,3.54597070905922,"Outer"
"793",79.1,3.48055454610878,"Outer"
"794",79.2,3.41421262207006,"Outer"
"795",79.3,3.34585149422991,"Outer"
"796",79.4,3.27441202792065,"Outer"
"797",79.5,3.20069345016476,"Outer"
"798",79.6,3.12826591805612,"Outer"
"799",79.7,3.06092558749977,"Outer"
"800",79.8,3.00131008523331,"Outer"
"801",79.9,2.94762001708273,"Outer"
"802",80,2.89699392908879,"Outer"
"803",80.1,2.84657036729221,"Outer"
"804",80.2,2.79400007166943,"Outer"
"805",80.3,2.74018286476623,"Outer"
"806",80.4,2.68728857668755,"Outer"
"807",80.5,2.63741421119686,"Outer"
"808",80.6,2.59103171722337,"Outer"
"809",80.7,2.54705060980569,"Outer"
"810",80.8,2.50431717898833,"Outer"
"811",80.9,2.46168618149211,"Outer"
"812",81,2.41847089424214,"Outer"
"813",81.1,2.37466822151512,"Outer"
"814",81.2,2.33033081937613,"Outer"
"815",81.3,2.2855119753935,"Outer"
"816",81.4,2.24056205292495,"Outer"
"817",81.5,2.19660156527802,"Outer"
"818",81.6,2.15487419576368,"Outer"
"819",81.7,2.11642253118799,"Outer"
"820",81.8,2.08086567365457,"Outer"
"821",81.9,2.04720846595888,"Outer"
"822",82,2.01445332751695,"Outer"
"823",82.1,1.98163931071703,"Outer"
"824",82.2,1.94826339575532,"Outer"
"825",82.3,1.91413397722941,"Outer"
"826",82.4,1.8790687868719,"Outer"
"827",82.5,1.843120105237,"Outer"
"828",82.6,1.80672332067995,"Outer"
"829",82.7,1.77034917382334,"Outer"
"830",82.8,1.73446869546795,"Outer"
"831",82.9,1.69968982555445,"Outer"
"832",83,1.66697559896175,"Outer"
"833",83.1,1.63734586981466,"Outer"
"834",83.2,1.61157588561638,"Outer"
"835",83.3,1.5885137994013,"Outer"
"836",83.4,1.5660950391296,"Outer"
"837",83.5,1.54224956677981,"Outer"
"838",83.6,1.51502254981132,"Outer"
"839",83.7,1.48409538772135,"Outer"
"840",83.8,1.45036571131233,"Outer"
"841",83.9,1.41476041354881,"Outer"
"842",84,1.37824126146937,"Outer"
"843",84.1,1.34183243688721,"Outer"
"844",84.2,1.30656460255919,"Outer"
"845",84.3,1.2734682193599,"Outer"
"846",84.4,1.24307683830566,"Outer"
"847",84.5,1.21435788350938,"Outer"
"848",84.6,1.18597100745176,"Outer"
"849",84.7,1.15668654852449,"Outer"
"850",84.8,1.12624987942557,"Outer"
"851",84.9,1.09491339619649,"Outer"
"852",85,1.06293383620504,"Outer"
"853",85.1,1.03055659363603,"Outer"
"854",85.2,0.997842656031942,"Outer"
"855",85.3,0.964703151035479,"Outer"
"856",85.4,0.931046950114093,"Outer"
"857",85.5,0.897045333485295,"Outer"
"858",85.6,0.863384801838042,"Outer"
"859",85.7,0.830811838188946,"Outer"
"860",85.8,0.800072755147718,"Outer"
"861",85.9,0.771484022805792,"Outer"
"862",86,0.744004559759655,"Outer"
"863",86.1,0.716325934133979,"Outer"
"864",86.2,0.687272897667148,"Outer"
"865",86.3,0.656844978891921,"Outer"
"866",86.4,0.625653262291633,"Outer"
"867",86.5,0.594314089031553,"Outer"
"868",86.6,0.563413598258155,"Outer"
"869",86.7,0.532973107404651,"Outer"
"870",86.8,0.502513016029826,"Outer"
"871",86.9,0.471538318147527,"Outer"
"872",87,0.439909791065682,"Outer"
"873",87.1,0.408254697943867,"Outer"
"874",87.2,0.377299907285341,"Outer"
"875",87.3,0.347772262353812,"Outer"
"876",87.4,0.320098996243153,"Outer"
"877",87.5,0.293662560264858,"Outer"
"878",87.6,0.26761780857835,"Outer"
"879",87.7,0.241234573196782,"Outer"
"880",87.8,0.214920325667695,"Outer"
"881",87.9,0.189731881713638,"Outer"
"882",88,0.166733642469947,"Outer"
"883",88.1,0.146898237012972,"Outer"
"884",88.2,0.129476911374328,"Outer"
"885",88.3,0.112191534301145,"Outer"
"886",88.4,0.0927108585995046,"Outer"
"887",88.5,0.069765480550255,"Outer"
"888",88.6,0.0457946537756845,"Outer"
"889",88.7,0.024046824710315,"Outer"
"890",88.8,0.00777043978867338,"Outer"
"891",88.9,-0.000507688001611874,"Outer"
"892",89,-0.00242716841849537,"Outer"
"893",89.1,-0.001119611979333,"Outer"
"894",89.2,0.000362353682511239,"Outer"
"895",89.3,0.000727980198795556,"Outer"
"896",89.4,0.000395408284432837,"Outer"
"897",89.5,-0.000146940963061639,"Outer"
"898",89.6,-0.000416274007803435,"Outer"
"899",89.7,-0.000240848260406553,"Outer"
"900",89.8,8.36544293733157e-05,"Outer"
"901",89.9,0.000223014491195987,"Outer"
"902",90,-0.000148354989127266,"Outer"
"903",45,1.64553186572745e-06,"Mid"
"904",45.1,-3.09360278312827e-06,"Mid"
"905",45.2,1.40333934575036e-07,"Mid"
"906",45.3,5.26006646166698e-06,"Mid"
"907",45.4,5.71912539097046e-06,"Mid"
"908",45.5,-2.46174572624141e-07,"Mid"
"909",45.6,-7.86792341666372e-06,"Mid"
"910",45.7,-1.19081055399494e-05,"Mid"
"911",45.8,-7.15546257310106e-06,"Mid"
"912",45.9,6.85119545689939e-06,"Mid"
"913",46,2.03957579259456e-05,"Mid"
"914",46.1,2.24479899095988e-05,"Mid"
"915",46.2,5.08894390211569e-06,"Mid"
"916",46.3,-2.177409266802e-05,"Mid"
"917",46.4,-4.18962365040168e-05,"Mid"
"918",46.5,-3.90249776286918e-05,"Mid"
"919",46.6,1.27404016667497e-07,"Mid"
"920",46.7,5.61437605065159e-05,"Mid"
"921",46.8,8.93141137584404e-05,"Mid"
"922",46.9,6.03418299497737e-05,"Mid"
"923",47,-3.12843916142578e-05,"Mid"
"924",47.1,-0.000128277245934541,"Mid"
"925",47.2,-0.000168638964374296,"Mid"
"926",47.3,-9.05865385408805e-05,"Mid"
"927",47.4,0.000109242193520405,"Mid"
"928",47.5,0.000296880179799261,"Mid"
"929",47.6,0.000318645795326606,"Mid"
"930",47.7,6.1715253578269e-05,"Mid"
"931",47.8,-0.0003275793779989,"Mid"
"932",47.9,-0.000601615407269468,"Mid"
"933",48,-0.000512536666137552,"Mid"
"934",48.1,0.000140473373219861,"Mid"
"935",48.2,0.000973514352417956,"Mid"
"936",48.3,0.00120664619960817,"Mid"
"937",48.4,6.92834893370835e-05,"Mid"
"938",48.5,-0.00205167430095269,"Mid"
"939",48.6,-0.00288566130627603,"Mid"
"940",48.7,1.08640886287694e-05,"Mid"
"941",48.8,0.00907995795767779,"Mid"
"942",48.9,0.0254169806961315,"Mid"
"943",49,0.0462875975852216,"Mid"
"944",49.1,0.0682812759500897,"Mid"
"945",49.2,0.0883762060394415,"Mid"
"946",49.3,0.106597252072722,"Mid"
"947",49.4,0.124405896106211,"Mid"
"948",49.5,0.143272067501281,"Mid"
"949",49.6,0.164500640115718,"Mid"
"950",49.7,0.187068648575141,"Mid"
"951",49.8,0.208231052919565,"Mid"
"952",49.9,0.225221214669624,"Mid"
"953",50,0.236970075822998,"Mid"
"954",50.1,0.24543114619094,"Mid"
"955",50.2,0.252869750957865,"Mid"
"956",50.3,0.261550258345703,"Mid"
"957",50.4,0.272871992505363,"Mid"
"958",50.5,0.285775160732409,"Mid"
"959",50.6,0.298765933524551,"Mid"
"960",50.7,0.310477910946388,"Mid"
"961",50.8,0.320659197849947,"Mid"
"962",50.9,0.329634045646289,"Mid"
"963",51,0.337731536208792,"Mid"
"964",51.1,0.345284457806412,"Mid"
"965",51.2,0.35268524501389,"Mid"
"966",51.3,0.36037448892728,"Mid"
"967",51.4,0.368791605739515,"Mid"
"968",51.5,0.378062687125484,"Mid"
"969",51.6,0.387702737310899,"Mid"
"970",51.7,0.397156191219674,"Mid"
"971",51.8,0.405867512124953,"Mid"
"972",51.9,0.413565180552078,"Mid"
"973",52,0.420959869203461,"Mid"
"974",52.1,0.428974419567388,"Mid"
"975",52.2,0.438441764646768,"Mid"
"976",52.3,0.449315090965673,"Mid"
"977",52.4,0.461049814251582,"Mid"
"978",52.5,0.473095693253464,"Mid"
"979",52.6,0.484931039717161,"Mid"
"980",52.7,0.496561841186012,"Mid"
"981",52.8,0.508458695423332,"Mid"
"982",52.9,0.521106292494398,"Mid"
"983",53,0.534675959309897,"Mid"
"984",53.1,0.548669264152452,"Mid"
"985",53.2,0.562501540086085,"Mid"
"986",53.3,0.575588158605852,"Mid"
"987",53.4,0.587723280023021,"Mid"
"988",53.5,0.600009912164004,"Mid"
"989",53.6,0.613833557433925,"Mid"
"990",53.7,0.630423454494561,"Mid"
"991",53.8,0.649479929286575,"Mid"
"992",53.9,0.669838281939794,"Mid"
"993",54,0.690323983716452,"Mid"
"994",54.1,0.709812184136728,"Mid"
"995",54.2,0.7280955561705,"Mid"
"996",54.3,0.745774338016234,"Mid"
"997",54.4,0.763476342084487,"Mid"
"998",54.5,0.781821289364803,"Mid"
"999",54.6,0.800994239515307,"Mid"
"1000",54.7,0.820534231199797,"Mid"
"1001",54.8,0.839927848913376,"Mid"
"1002",54.9,0.85895531469037,"Mid"
"1003",55,0.878516941442515,"Mid"
"1004",55.1,0.899780075627841,"Mid"
"1005",55.2,0.923912063704377,"Mid"
"1006",55.3,0.951657976823305,"Mid"
"1007",55.4,0.981089107735923,"Mid"
"1008",55.5,1.00923337583212,"Mid"
"1009",55.6,1.0332420009064,"Mid"
"1010",55.7,1.05295466031573,"Mid"
"1011",55.8,1.07079171735479,"Mid"
"1012",55.9,1.08927765187841,"Mid"
"1013",56,1.11091154952724,"Mid"
"1014",56.1,1.13682979861647,"Mid"
"1015",56.2,1.16614429757183,"Mid"
"1016",56.3,1.19780265574443,"Mid"
"1017",56.4,1.23079465026854,"Mid"
"1018",56.5,1.26428778640003,"Mid"
"1019",56.6,1.29749638594304,"Mid"
"1020",56.7,1.32963477093712,"Mid"
"1021",56.8,1.36029425343706,"Mid"
"1022",56.9,1.39171455748536,"Mid"
"1023",57,1.42727058452637,"Mid"
"1024",57.1,1.47019848829052,"Mid"
"1025",57.2,1.52015699387477,"Mid"
"1026",57.3,1.57306055228277,"Mid"
"1027",57.4,1.62464714312641,"Mid"
"1028",57.5,1.67069056597889,"Mid"
"1029",57.6,1.70941125451321,"Mid"
"1030",57.7,1.74300362350625,"Mid"
"1031",57.8,1.77402609087719,"Mid"
"1032",57.9,1.80482590698371,"Mid"
"1033",58,1.83676662167424,"Mid"
"1034",58.1,1.87092556474099,"Mid"
"1035",58.2,1.90838003377429,"Mid"
"1036",58.3,1.95008699909083,"Mid"
"1037",58.4,1.99606276057199,"Mid"
"1038",58.5,2.04588102879045,"Mid"
"1039",58.6,2.09911252431006,"Mid"
"1040",58.7,2.15531581717062,"Mid"
"1041",58.8,2.21403561093732,"Mid"
"1042",58.9,2.27481585289591,"Mid"
"1043",59,2.33720057175841,"Mid"
"1044",59.1,2.40074107340588,"Mid"
"1045",59.2,2.46500158834742,"Mid"
"1046",59.3,2.52954767619761,"Mid"
"1047",59.4,2.59417440445456,"Mid"
"1048",59.5,2.65974549260557,"Mid"
"1049",59.6,2.72743545859177,"Mid"
"1050",59.7,2.79841885502575,"Mid"
"1051",59.8,2.8736599806119,"Mid"
"1052",59.9,2.95247960427876,"Mid"
"1053",60,3.03342526828011,"Mid"
"1054",60.1,3.11508060041318,"Mid"
"1055",60.2,3.19746656307295,"Mid"
"1056",60.3,3.2823937829369,"Mid"
"1057",60.4,3.37178500541524,"Mid"
"1058",60.5,3.46755072855766,"Mid"
"1059",60.6,3.57011071335091,"Mid"
"1060",60.7,3.67698473895943,"Mid"
"1061",60.8,3.78535873145086,"Mid"
"1062",60.9,3.89289218625538,"Mid"
"1063",61,3.99968261558134,"Mid"
"1064",61.1,4.10660987221262,"Mid"
"1065",61.2,4.21455417096696,"Mid"
"1066",61.3,4.3243734098151,"Mid"
"1067",61.4,4.43670770823603,"Mid"
"1068",61.5,4.55207422643717,"Mid"
"1069",61.6,4.67097483427454,"Mid"
"1070",61.7,4.79331249896204,"Mid"
"1071",61.8,4.91817658157013,"Mid"
"1072",61.9,5.04459833257704,"Mid"
"1073",62,5.17161087184939,"Mid"
"1074",62.1,5.2985716196369,"Mid"
"1075",62.2,5.42552903189987,"Mid"
"1076",62.3,5.55262022517866,"Mid"
"1077",62.4,5.6800727443797,"Mid"
"1078",62.5,5.80862915295212,"Mid"
"1079",62.6,5.93921407986061,"Mid"
"1080",62.7,6.07275236360763,"Mid"
"1081",62.8,6.2100956193322,"Mid"
"1082",62.9,6.35138107364103,"Mid"
"1083",63,6.49634267561276,"Mid"
"1084",63.1,6.64470982462362,"Mid"
"1085",63.2,6.79614426517731,"Mid"
"1086",63.3,6.94886422216245,"Mid"
"1087",63.4,7.09970428716157,"Mid"
"1088",63.5,7.24544860804321,"Mid"
"1089",63.6,7.38427384045835,"Mid"
"1090",63.7,7.51761634087942,"Mid"
"1091",63.8,7.64737822653068,"Mid"
"1092",63.9,7.77546161469016,"Mid"
"1093",64,7.90378164498703,"Mid"
"1094",64.1,8.03430306177285,"Mid"
"1095",64.2,8.16900241876841,"Mid"
"1096",64.3,8.30948642710509,"Mid"
"1097",64.4,8.45330817983946,"Mid"
"1098",64.5,8.59551770699423,"Mid"
"1099",64.6,8.73112808293357,"Mid"
"1100",64.7,8.85536577766907,"Mid"
"1101",64.8,8.96800839476779,"Mid"
"1102",64.9,9.07319476984069,"Mid"
"1103",65,9.17523299726054,"Mid"
"1104",65.1,9.27679887877689,"Mid"
"1105",65.2,9.376748169746,"Mid"
"1106",65.3,9.47339095479348,"Mid"
"1107",65.4,9.56503731854501,"Mid"
"1108",65.5,9.65003120303071,"Mid"
"1109",65.6,9.72685904376455,"Mid"
"1110",65.7,9.79404475674377,"Mid"
"1111",65.8,9.85024739984018,"Mid"
"1112",65.9,9.89579760713621,"Mid"
"1113",66,9.93215419942581,"Mid"
"1114",66.1,9.96079716765195,"Mid"
"1115",66.2,9.98317124969723,"Mid"
"1116",66.3,9.999842218779,"Mid"
"1117",66.4,10.0104572711368,"Mid"
"1118",66.5,10.0146216302293,"Mid"
"1119",66.6,10.0124821546244,"Mid"
"1120",66.7,10.0055790928004,"Mid"
"1121",66.8,9.99567368273661,"Mid"
"1122",66.9,9.98452716241218,"Mid"
"1123",67,9.97295253443949,"Mid"
"1124",67.1,9.9577707610279,"Mid"
"1125",67.2,9.9347524343232,"Mid"
"1126",67.3,9.89953597953366,"Mid"
"1127",67.4,9.84590450237036,"Mid"
"1128",67.5,9.76627291471583,"Mid"
"1129",67.6,9.65302423336861,"Mid"
"1130",67.7,9.49882840989213,"Mid"
"1131",67.8,9.30482263547358,"Mid"
"1132",67.9,9.08180076130815,"Mid"
"1133",68,8.84108162842426,"Mid"
"1134",68.1,8.59299529865121,"Mid"
"1135",68.2,8.34506864612972,"Mid"
"1136",68.3,8.10433520590107,"Mid"
"1137",68.4,7.87782851300643,"Mid"
"1138",68.5,7.67114604712451,"Mid"
"1139",68.6,7.48320032057701,"Mid"
"1140",68.7,7.31096013065661,"Mid"
"1141",68.8,7.15151790521373,"Mid"
"1142",68.9,7.00395065341937,"Mid"
"1143",69,6.86893328265686,"Mid"
"1144",69.1,6.74718606962707,"Mid"
"1145",69.2,6.63939054272762,"Mid"
"1146",69.3,6.54485712345238,"Mid"
"1147",69.4,6.4611896264128,"Mid"
"1148",69.5,6.38588523844637,"Mid"
"1149",69.6,6.31695504462661,"Mid"
"1150",69.7,6.2540163701618,"Mid"
"1151",69.8,6.19699950082115,"Mid"
"1152",69.9,6.14583472237384,"Mid"
"1153",70,6.10040314841929,"Mid"
"1154",70.1,6.06033260666378,"Mid"
"1155",70.2,6.02516960403963,"Mid"
"1156",70.3,5.99444952773899,"Mid"
"1157",70.4,5.96753001909478,"Mid"
"1158",70.5,5.94362552103055,"Mid"
"1159",70.6,5.92194640540583,"Mid"
"1160",70.7,5.90170570592408,"Mid"
"1161",70.8,5.88223135355388,"Mid"
"1162",70.9,5.86300749837671,"Mid"
"1163",71,5.8435294831532,"Mid"
"1164",71.1,5.82349692380331,"Mid"
"1165",71.2,5.80331450840214,"Mid"
"1166",71.3,5.78353893761173,"Mid"
"1167",71.4,5.7647269120941,"Mid"
"1168",71.5,5.74728413745342,"Mid"
"1169",71.6,5.7306610997396,"Mid"
"1170",71.7,5.7139358417775,"Mid"
"1171",71.8,5.69620939267407,"Mid"
"1172",71.9,5.67709247756265,"Mid"
"1173",72,5.65668503193517,"Mid"
"1174",72.1,5.63510672422968,"Mid"
"1175",72.2,5.61247895605355,"Mid"
"1176",72.3,5.58901630748523,"Mid"
"1177",72.4,5.56507188947438,"Mid"
"1178",72.5,5.5410100662045,"Mid"
"1179",72.6,5.51719432025092,"Mid"
"1180",72.7,5.49375110453048,"Mid"
"1181",72.8,5.47025098938404,"Mid"
"1182",72.9,5.44618495345547,"Mid"
"1183",73,5.42116897327697,"Mid"
"1184",73.1,5.39561060852567,"Mid"
"1185",73.2,5.37022635576271,"Mid"
"1186",73.3,5.34573341736525,"Mid"
"1187",73.4,5.32276903792184,"Mid"
"1188",73.5,5.30109091342091,"Mid"
"1189",73.6,5.27991214544234,"Mid"
"1190",73.7,5.25843907838907,"Mid"
"1191",73.8,5.23597031105771,"Mid"
"1192",73.9,5.21195448340831,"Mid"
"1193",74,5.18585400243472,"Mid"
"1194",74.1,5.1571326596868,"Mid"
"1195",74.2,5.12588601823028,"Mid"
"1196",74.3,5.09383945088549,"Mid"
"1197",74.4,5.06297760061637,"Mid"
"1198",74.5,5.03496845630973,"Mid"
"1199",74.6,5.00900095496406,"Mid"
"1200",74.7,4.98309618712596,"Mid"
"1201",74.8,4.9552684036409,"Mid"
"1202",74.9,4.92359301724245,"Mid"
"1203",75,4.88795824537767,"Mid"
"1204",75.1,4.85032431350618,"Mid"
"1205",75.2,4.81276432610087,"Mid"
"1206",75.3,4.77697640284157,"Mid"
"1207",75.4,4.74359239129618,"Mid"
"1208",75.5,4.71305588896333,"Mid"
"1209",75.6,4.68581049334165,"Mid"
"1210",75.7,4.66189188459454,"Mid"
"1211",75.8,4.6394290809045,"Mid"
"1212",75.9,4.61599448076847,"Mid"
"1213",76,4.58931353429169,"Mid"
"1214",76.1,4.55957634808768,"Mid"
"1215",76.2,4.52896320210206,"Mid"
"1216",76.3,4.49971123565161,"Mid"
"1217",76.4,4.47397371144308,"Mid"
"1218",76.5,4.45090645203677,"Mid"
"1219",76.6,4.42591730327038,"Mid"
"1220",76.7,4.39417843738362,"Mid"
"1221",76.8,4.35241191299389,"Mid"
"1222",76.9,4.30220257059159,"Mid"
"1223",77,4.24608643566655,"Mid"
"1224",77.1,4.18659953370857,"Mid"
"1225",77.2,4.12581910634444,"Mid"
"1226",77.3,4.06345252848855,"Mid"
"1227",77.4,3.99844421607658,"Mid"
"1228",77.5,3.92982857420886,"Mid"
"1229",77.6,3.85809489033637,"Mid"
"1230",77.7,3.78490749996143,"Mid"
"1231",77.8,3.7119643252665,"Mid"
"1232",77.9,3.64093356583197,"Mid"
"1233",78,3.5721911396546,"Mid"
"1234",78.1,3.50435050599148,"Mid"
"1235",78.2,3.4358985623132,"Mid"
"1236",78.3,3.36577648692891,"Mid"
"1237",78.4,3.29449927171333,"Mid"
"1238",78.5,3.22292249246879,"Mid"
"1239",78.6,3.15190172499769,"Mid"
"1240",78.7,3.08216908733276,"Mid"
"1241",78.8,3.0137492874657,"Mid"
"1242",78.9,2.94641551623848,"Mid"
"1243",79,2.87991714901435,"Mid"
"1244",79.1,2.81356717220835,"Mid"
"1245",79.2,2.74629333800534,"Mid"
"1246",79.3,2.67701016678667,"Mid"
"1247",79.4,2.60466631874866,"Mid"
"1248",79.5,2.53005970325015,"Mid"
"1249",79.6,2.45674557238958,"Mid"
"1250",79.7,2.38850406888386,"Mid"
"1251",79.8,2.32796203814607,"Mid"
"1252",79.9,2.273329342057,"Mid"
"1253",80,2.22175857892452,"Mid"
"1254",80.1,2.17040234705655,"Mid"
"1255",80.2,2.11692256025711,"Mid"
"1256",80.3,2.06221195562864,"Mid"
"1257",80.4,2.00842614061426,"Mid"
"1258",80.5,1.95764835675824,"Mid"
"1259",80.6,1.91034702098932,"Mid"
"1260",80.7,1.86543795234644,"Mid"
"1261",80.8,1.82177414289515,"Mid"
"1262",80.9,1.77821698929189,"Mid"
"1263",81,1.73408304610832,"Mid"
"1264",81.1,1.68936748228733,"Mid"
"1265",81.2,1.64412080973713,"Mid"
"1266",81.3,1.59839417217966,"Mid"
"1267",81.4,1.55253593518524,"Mid"
"1268",81.5,1.50766499292259,"Mid"
"1269",81.6,1.4650234701211,"Mid"
"1270",81.7,1.42565279524764,"Mid"
"1271",81.8,1.38917374522842,"Mid"
"1272",81.9,1.35459406024183,"Mid"
"1273",82,1.32091906191014,"Mid"
"1274",82.1,1.28719038233684,"Mid"
"1275",82.2,1.25290355015872,"Mid"
"1276",82.3,1.21786276694033,"Mid"
"1277",82.4,1.18188156687724,"Mid"
"1278",82.5,1.14501136044986,"Mid"
"1279",82.6,1.10769210095781,"Mid"
"1280",82.7,1.0703995954985,"Mid"
"1281",82.8,1.03360993277873,"Mid"
"1282",82.9,0.997932067790019,"Mid"
"1283",83,0.964319564694751,"Mid"
"1284",83.1,0.933781129058665,"Mid"
"1285",83.2,0.907082848951221,"Mid"
"1286",83.3,0.883079388981704,"Mid"
"1287",83.4,0.859720110906909,"Mid"
"1288",83.5,0.834948954951018,"Mid"
"1289",83.6,0.806823546291191,"Mid"
"1290",83.7,0.775016146499596,"Mid"
"1291",83.8,0.740399196147904,"Mid"
"1292",83.9,0.703874232415754,"Mid"
"1293",84,0.666397416743694,"Mid"
"1294",84.1,0.629022672621311,"Mid"
"1295",84.2,0.592814074825868,"Mid"
"1296",84.3,0.558835486453966,"Mid"
"1297",84.4,0.527629743136584,"Mid"
"1298",84.5,0.498097541356658,"Mid"
"1299",84.6,0.468816868214643,"Mid"
"1300",84.7,0.438490958656342,"Mid"
"1301",84.8,0.406926358292135,"Mid"
"1302",84.9,0.374503340506323,"Mid"
"1303",85,0.341607091158174,"Mid"
"1304",85.1,0.308597304873658,"Mid"
"1305",85.2,0.275419264138611,"Mid"
"1306",85.3,0.241681475273959,"Mid"
"1307",85.4,0.20698644665584,"Mid"
"1308",85.5,0.171409596374025,"Mid"
"1309",85.6,0.135954866302422,"Mid"
"1310",85.7,0.101734297703358,"Mid"
"1311",85.8,0.0698599844778805,"Mid"
"1312",85.9,0.0415767988918619,"Mid"
"1313",86,0.0185489609024828,"Mid"
"1314",86.1,0.00252327503447977,"Mid"
"1315",86.2,-0.00508553620038754,"Mid"
"1316",86.3,-0.00579195630741151,"Mid"
"1317",86.4,-0.00263533153926461,"Mid"
"1318",86.5,0.00133188476207577,"Mid"
"1319",86.6,0.00318302037371131,"Mid"
"1320",86.7,0.00234369308507294,"Mid"
"1321",86.8,0.000325672980009246,"Mid"
"1322",86.9,-0.00129045288528446,"Mid"
"1323",87,-0.00155936233810256,"Mid"
"1324",87.1,-0.000904323449644442,"Mid"
"1325",87.2,7.35465009637863e-05,"Mid"
"1326",87.3,0.00077314601412669,"Mid"
"1327",87.4,0.00078068701708127,"Mid"
"1328",87.5,0.000335569064372581,"Mid"
"1329",87.6,-0.000180516715988199,"Mid"
"1330",87.7,-0.000418041739994655,"Mid"
"1331",87.8,-0.000345707242679774,"Mid"
"1332",87.9,-0.000113854313407454,"Mid"
"1333",88,0.000125054104858475,"Mid"
"1334",88.1,0.000225164354915041,"Mid"
"1335",88.2,0.000164594199308656,"Mid"
"1336",88.3,3.16048540555459e-05,"Mid"
"1337",88.4,-8.17129478936301e-05,"Mid"
"1338",88.5,-0.000108352633852091,"Mid"
"1339",88.6,-6.89180533155322e-05,"Mid"
"1340",88.7,-3.12879427478343e-06,"Mid"
"1341",88.8,4.92955552793074e-05,"Mid"
"1342",88.9,5.60943156128639e-05,"Mid"
"1343",89,2.80715584286543e-05,"Mid"
"1344",89.1,-8.54710773414854e-06,"Mid"
"1345",89.2,-2.8366461506454e-05,"Mid"
"1346",89.3,-2.45074774898094e-05,"Mid"
"1347",89.4,-8.05043418483303e-06,"Mid"
"1348",89.5,9.18578916324011e-06,"Mid"
"1349",89.6,1.55385015936449e-05,"Mid"
"1350",89.7,7.97797201428959e-06,"Mid"
"1351",89.8,-3.55255479215058e-06,"Mid"
"1352",89.9,-8.04025171579224e-06,"Mid"
"1353",90,5.23335086647814e-06,"Mid"
